{
    "floating-point": {
        "loss": 0.4078396561422518,
        "iou": 0.6161722259849242,
        "dice": 0.7163788590568283,
        "F1": 0.7163784143801497,
        "accuracy": 0.9448096139090402,
        "sensitivity": 0.7175284373784003,
        "precision": 0.7711284905152769,
        "specificity": 0.9740213528266417,
        "inference_time_sec": 0.010154134723623948
    },
    "integer": {
        "loss": 53722435.557142854,
        "iou": 0.024132638953024012,
        "dice": 0.04417990396975546,
        "F1": 0.04417968604043152,
        "accuracy": 0.8269930158342634,
        "sensitivity": 0.030910611846268875,
        "precision": 0.1256977509556178,
        "specificity": 0.9468041650617616,
        "inference_time_sec": 7.238722559016398
    }
}