{
    "image_name": "malignant (89).png",
    "checkpoint": "/home/ree/CMUNeXt/checkpoint/CMUNeXt_model_busi_train.pth",
    "loss": 0.9651022553443909,
    "iou": 0.2905876171351468,
    "dice": 0.45031830970173836,
    "F1": 0.450317956830502,
    "accuracy": 0.8353118896484375,
    "sensitivity": 0.2917381549233378,
    "precision": 0.9866101314468622,
    "specificity": 0.9988090984677304,
    "inference_time_sec": 0.15885486104525626
}