{
    "loss": 0.2754447062810262,
    "iou": 0.8383466656134169,
    "dice": 0.909745776574365,
    "val_loss": 0.44813951641384864,
    "val_iou": 0.6922510422716729,
    "val_dice": 0.7575095574033645,
    "SE": 0.6468187216991195,
    "PC": 0.7048160716930038,
    "F1": 0.6436017349026756,
    "ACC": 0.8188423091529781,
    "epoch": 192
}