{
    "image_name": "benign (331).png",
    "loss": 0.2164267991221896,
    "iou": 0.6798283289285122,
    "dice": 0.8094021480899116,
    "F1": 0.8094016612166977,
    "accuracy": 0.9943084716796875,
    "sensitivity": 0.6869037288058076,
    "precision": 0.9850746256404544,
    "specificity": 0.9998136153798391,
    "inference_time_sec": 0.1553073750110343
}