{
    "image_name": "benign (331).png",
    "loss": 1.7400415129027715,
    "iou": 0.012563233635797859,
    "dice": 0.024814714219253676,
    "F1": 0.024814594561036987,
    "accuracy": 0.7289581298828125,
    "sensitivity": 0.19601040746226328,
    "precision": 0.013245809400231755,
    "specificity": 0.7385023996903142,
    "inference_time_sec": 0.1610905440757051
}