{
    "image_name": "benign (331).png",
    "loss": 0.21655254141989214,
    "iou": 0.675513701408273,
    "dice": 0.8063362309010094,
    "F1": 0.8063357439995972,
    "accuracy": 0.9942169189453125,
    "sensitivity": 0.6843018207421493,
    "precision": 0.9813432823615134,
    "specificity": 0.9997670192286819,
    "inference_time_sec": 0.16041920497082174
}