{
    "image_name": "malignant (113).png",
    "loss": 49004544.0,
    "iou": 0.003240742278949472,
    "dice": 0.006460547588184748,
    "F1": 0.006460047259723486,
    "accuracy": 0.9014434814453125,
    "sensitivity": 0.006018916593287785,
    "precision": 0.006972111551470083,
    "specificity": 0.9517946072984705,
    "inference_time_sec": 7.262891147984192
}