{
    "image_name": "malignant (34).png",
    "loss": 10452993.0,
    "iou": 0.004472846631077167,
    "dice": 0.008905858721972908,
    "F1": 0.008905523677713426,
    "accuracy": 0.95245361328125,
    "sensitivity": 0.0056179775258354825,
    "precision": 0.021472392605103693,
    "specificity": 0.9898800837353297,
    "inference_time_sec": 7.223392774933018
}