{
    "num_cases": 234,
    "clean": {
        "loss": 0.44813951641384864,
        "iou": 0.6922510422716729,
        "dice": 0.7575095574033645,
        "F1": 0.6436017349026756,
        "accuracy": 0.8188423091529781,
        "sensitivity": 0.6468187216991195,
        "precision": 0.7048160716930038,
        "specificity": 0.8370081833010288,
        "inference_time_sec": 0.007868428161973732
    },
    "quantized": {
        "loss": 0.4651969145410336,
        "iou": 0.6820843405705388,
        "dice": 0.747465361118755,
        "F1": 0.6332253927361489,
        "accuracy": 0.8171874478331997,
        "sensitivity": 0.6308305152015782,
        "precision": 0.7086020608916875,
        "specificity": 0.8384559313745484,
        "inference_time_sec": 0.004124392948982019
    }
}