{
    "image_name": "malignant (34).png",
    "engine_path": "../checkpoint/quantized/cmunext_int8.path",
    "loss": 0.21526268124580383,
    "iou": 0.6897382930794136,
    "dice": 0.8163847572187294,
    "F1": 0.8163842562610292,
    "accuracy": 0.9862518310546875,
    "sensitivity": 0.8037720703034623,
    "precision": 0.8293995855778884,
    "specificity": 0.9934648816541866,
    "inference_time_sec": 0.051290326002344955
}