{
    "clean": {
        "loss": 0.44813951641384864,
        "iou": 0.6922510422716729,
        "dice": 0.7575095574033645,
        "F1": 0.6436017349026756,
        "accuracy": 0.8188423091529781,
        "sensitivity": 0.6468187216991195,
        "precision": 0.7048160716930038,
        "specificity": 0.8370081833010288,
        "inference_time_sec": 0.007797972733477274
    },
    "fixed_point": {
        "4": {
            "loss": 3.03402835236367e+17,
            "iou": 1.9137637239467937e-07,
            "dice": 3.8275227726387666e-07,
            "F1": 3.651226657239669e-05,
            "accuracy": 0.7702005500467415,
            "sensitivity": 1.825838007450773e-05,
            "precision": 0.14957263087607067,
            "specificity": 0.8503109062014905,
            "inference_time_sec": 0.15819357755657637
        },
        "6": {
            "loss": 285.0746509687893,
            "iou": 0.0005338237033403602,
            "dice": 0.0010522336712835466,
            "F1": 0.0012665649378491275,
            "accuracy": 0.7697320921808226,
            "sensitivity": 0.0006449282336906771,
            "precision": 0.1858837090835532,
            "specificity": 0.849601328063815,
            "inference_time_sec": 0.15896247136685202
        },
        "8": {
            "loss": 2.015044526741797,
            "iou": 0.1117521433063225,
            "dice": 0.1764690475095555,
            "F1": 0.27374450742508977,
            "accuracy": 0.5925219935229701,
            "sensitivity": 0.6416648924258198,
            "precision": 0.2768282875336886,
            "specificity": 0.5136086484464433,
            "inference_time_sec": 0.15880875138547987
        },
        "12": {
            "loss": 0.5095589278743764,
            "iou": 0.6398894685324589,
            "dice": 0.7059002475152153,
            "F1": 0.6051562875976791,
            "accuracy": 0.8147579095302484,
            "sensitivity": 0.5931323417595593,
            "precision": 0.7209379989394291,
            "specificity": 0.8397555150917252,
            "inference_time_sec": 0.15893966926293623
        },
        "16": {
            "loss": 0.44878303785476936,
            "iou": 0.6877934050985203,
            "dice": 0.752447389026433,
            "F1": 0.6426225217240277,
            "accuracy": 0.8193681504991319,
            "sensitivity": 0.6452375538545568,
            "precision": 0.7091153772124686,
            "specificity": 0.8369843232205739,
            "inference_time_sec": 0.15868379725800016
        }
    }
}